{
  "generator-jhipster": {
    "applicationType": "monolith",
    "gitCompany": "",
    "baseName": "ferjhipster",
    "packageName": "com.mycompany.myapp",
    "packageFolder": "com/mycompany/myapp",
    "serverPort": 8080,
    "serviceDiscoveryType": false,
    "authenticationType": "jwt",
    "uaaBaseName": "../uaa",
    "cacheProvider": "ehcache",
    "enableHibernateCache": true,
    "websocket": false,
    "databaseType": "sql",
    "devDatabaseType": "h2Disk",
    "prodDatabaseType": "mysql",
    "searchEngine": false,
    "enableSwaggerCodegen": false,
    "messageBroker": false,
    "buildTool": "maven",
    "useSass": true,
    "clientPackageManager": "npm",
    "testFrameworks": [],
    "enableTranslation": true,
    "nativeLanguage": "en",
    "languages": ["en"],
    "clientFramework": "angularX",
    "jhiPrefix": "jhi",
    "jhipsterVersion": "6.8.0",
    "jwtSecretKey": "ZDkzYWU2OTlmYWIyYzM3ZDQ0NjhkMGQwZDgwMTA2ZTA4MTYzZGNhM2MyZTQwOTQ3YmU1NzRmNDdkNGM0YmZjMTdmNjQ0MjZhYjFjMmEwOTBjZTY1ZjE3M2M3NGY0NGU3MWI0ZDk3ZWFkODk0ZmZmZGJlYjc1YTIyNjllODQ1NGE=",
    "embeddableLaunchScript": false,
    "clientTheme": "none",
    "creationTimestamp": 1587124181146,
    "entitySuffix": "",
    "dtoSuffix": "DTO",
    "otherModules": [],
    "blueprints": []
  }
}
