{
  "generator-jhipster": {
    "applicationType": "monolith",
    "gitCompany": "",
    "baseName": "jhipsterSampleApplication",
    "packageName": "com.mycompany.myapp",
    "packageFolder": "com/mycompany/myapp",
    "serverPort": 8080,
    "serviceDiscoveryType": false,
    "authenticationType": "jwt",
    "uaaBaseName": "../uaa",
    "cacheProvider": "ehcache",
    "enableHibernateCache": false,
    "websocket": false,
    "databaseType": "mongodb",
    "devDatabaseType": "mongodb",
    "prodDatabaseType": "mongodb",
    "searchEngine": "elasticsearch",
    "enableSwaggerCodegen": false,
    "messageBroker": false,
    "buildTool": "maven",
    "useSass": true,
    "clientPackageManager": "npm",
    "testFrameworks": ["cucumber"],
    "enableTranslation": true,
    "nativeLanguage": "en",
    "languages": ["en"],
    "clientFramework": "angularX",
    "jhiPrefix": "jhi",
    "jhipsterVersion": "6.7.0",
    "jwtSecretKey": "MzJlZWJhOTVmNzQzZWFjNjA3ZWY0YmQ4MjEyZjI5ZWQ1MWUwZTFkZjliNTU1MzIwZDJiOWY4OTc0NjQxNzk1MTZlNWJhM2ZmNDE3MGRmYzVlYTc4ZTM3ZmMzNmNlMDJlYmFiN2U5MTI1MGM4MzFkNmJlZmEzOWViOWQ2YWNlNjY=",
    "embeddableLaunchScript": false,
    "clientTheme": "none",
    "creationTimestamp": 1581433391315,
    "entitySuffix": "",
    "dtoSuffix": "DTO",
    "otherModules": [],
    "blueprints": []
  }
}
